name	city	region	type	next_date	next_end	url
Mile High Dreamin'	Denver	Colorado	conference	2026-08-26	2026-08-27	https://milehighdreamin.com/
Jersey City Entrepreneurs: The Venture Garden	Jersey City	New Jersey	meetup-series	2026-08-26	2026-08-26	https://www.meetup.com/jersey-city-entrepreneurs/
TailscaleUp	San Francisco	California	conference	2026-08-26	2026-08-26	https://tailscale.com/events
Buffalo Game Space Game Development Meeting	Buffalo	New York	meetup-series	2026-08-27	2026-08-27	https://www.meetup.com/buffalo-game-space/
DrupalCamp Colorado	Denver	Colorado	conference	2026-08-27	2026-08-28	https://www.drupal-colorado.org/
CHM Live	Mountain View	California	meetup-series	2026-08-27	-	https://computerhistory.org/events/
Veteran Innovation Hackathon	Mountain View	California	hackathon	2026-08-28	2026-08-30	https://www.meetup.com/hackerdojo/events/316024672/
Tech Titans Awards Gala	Plano	Texas	awards	2026-08-28	-	https://techtitans.org/
Maker Faire Yukon	Whitehorse	Yukon	festival	2026-08-29	2026-08-30	https://makerfaire.com/upcoming-faires/
Santa Monica New Tech	Santa Monica	California	meetup-series	2026-08-30	-	https://www.meetup.com/santa-monica-new-tech/
Airflow Summit	Austin	Texas	conference	2026-08-31	2026-09-02	https://airflowsummit.org
NWA Tech Summit	Bentonville	Arkansas	summit	2026-09-01	2026-09-01	https://bentonvillearea.com/nwa-tech-summit/
Mississippi Aerospace & Defense Symposium	Flowood	Mississippi	summit	2026-09-02	2026-09-04	https://www.innovate.ms/events/
Connecticut Digital Government Summit	Hartford	Connecticut	summit	2026-09-02	-	https://events.govtech.com/Connecticut-Digital-Government-Summit
KCD SF Bay Area	San Francisco	California	conference	2026-09-02	2026-09-02	https://www.cncf.io/kcds/
CONNECT: Networking for Entrepreneurs	Jackson	Mississippi	meetup-series	2026-09-03	-	https://www.innovate.ms/events/
gRPConf North America	Mountain View	California	conference	2026-09-03	2026-09-03	https://events.linuxfoundation.org/about/calendar/
ROS By-The-Bay	Sunnyvale	California	meetup-series	2026-09-03	-	https://www.meetup.com/ros-by-the-bay/
Vancouver Microsoft 365 Summit	Vancouver	British Columbia	summit	2026-09-03	-	https://vancouver365summit.com/
Rails Camp West	Otis	Oregon	unconference	2026-09-07	2026-09-11	https://dev.events/NA/US/OR
SecKC	Kansas City	Missouri	meetup-series	2026-09-08	2026-09-08	https://seckc.org
RustConf	Montreal	Quebec	conference	2026-09-08	2026-09-11	https://rustconf.com
devopsdays Portland	Portland	Oregon	conference	2026-09-08	2026-09-10	https://devopsdays.org/events/2026-portland-or/welcome/
tech SAVannah Tech Tuesday	Savannah	Georgia	meetup-series	2026-09-08	-	https://www.meetup.com/techsav/
External Development Summit (XDS)	Vancouver	British Columbia	summit	2026-09-08	2026-09-11	https://xdsummit.com/
Tech Tomorrow	Columbus	Ohio	conference	2026-09-09	2026-09-09	https://techtomorrow.events/
Kansas City Developer Conference	Kansas City	Missouri	conference	2026-09-09	2026-09-11	https://www.kcdc.info
GNTC Summit	Nashville	Tennessee	summit	2026-09-09	2026-09-10	https://technologycouncil.com/gntc-summit/
apidays Toronto	Toronto	Ontario	conference	2026-09-09	2026-09-10	https://www.apidays.global/events/toronto/
Zeek Workshop Berkeley	Berkeley	California	workshop	2026-09-10	2026-09-11	https://zeek.org/
ElixirConf US	Chicago	Illinois	conference	2026-09-10	2026-09-11	https://elixirconf.com
NH Tech Alliance Cybersecurity Summit	Manchester	New Hampshire	summit	2026-09-10	-	http://nhtechalliance.org/cybersecurity-summit
Y Combinator Demo Day	San Francisco	California	demo-day	2026-09-10	2026-09-10	https://www.ycombinator.com/demoday
Difinity Conference Toronto	Toronto	Ontario	conference	2026-09-10	2026-09-11	https://difinityconf.com
YYC DataCon	Calgary	Alberta	conference	2026-09-11	2026-09-11	https://www.yycdata.ca/datacon
BSides Denver	Denver	Colorado	conference	2026-09-11	2026-09-11	https://www.bsidesden.org/
HackRice	Houston	Texas	hackathon	2026-09-11	2026-09-13	https://hackrice.com/
Nashville Microsoft Community Day	Nashville	Tennessee	conference	2026-09-11	-	https://m365nashville.org
CppCon	Aurora	Colorado	conference	2026-09-12	2026-09-18	https://cppcon.org/
GDG Brooklyn AI Fashion Hackathon	Brooklyn	New York	hackathon	2026-09-12	2026-09-12	https://gdg.community.dev/gdg-brooklyn/
Maker Faire Orange County	Costa Mesa	California	festival	2026-09-12	2026-09-13	https://oc.makerfaire.com/
Day of Data Detroit	Detroit	Michigan	conference	2026-09-12	-	https://sqlsaturday.com/2026-09-12-sqlsaturday1164/
Maker Faire NW Arkansas	Fayetteville	Arkansas	festival	2026-09-12	2026-09-12	https://nwa.makerfaire.com/
HackWesTX	Lubbock	Texas	hackathon	2026-09-12	2026-09-13	https://hackwestx.gdgttu.com/
Vintage Computer Festival Midwest	Schaumburg	Illinois	festival	2026-09-12	2026-09-13	https://vcfmw.org/
Maker Faire Waterloo	Waterloo	Ontario	festival	2026-09-13	2026-09-13	https://www.waterloomakerfaire.org/
Alaska Entrepreneurship Week	Anchorage	Alaska	startup-week	2026-09-14	2026-09-18	https://www.alaskastartups.com/
Georgia Tech All-Majors Career Fair	Atlanta	Georgia	career-fair	2026-09-14	2026-09-15	https://career.gatech.edu/career-fair
Best of Tech Awards	Cleveland	Ohio	awards	2026-09-14	2026-09-14	https://greatercle.com/tech/
Splunk .conf	Denver	Colorado	conference	2026-09-14	2026-09-17	https://conf.splunk.com/
posit::conf	Houston	Texas	conference	2026-09-14	2026-09-16	https://conf.posit.co
3686	Nashville	Tennessee	conference	2026-09-14	2026-09-16	https://www.attend3686.com
VSLive! San Diego	San Diego	California	conference	2026-09-14	2026-09-18	https://vslive.com/
New Ventures BC Demo Day	Vancouver	British Columbia	demo-day	2026-09-14	2026-09-14	https://www.newventuresbc.com/demo-day/
AI Infra Summit	Santa Clara	California	summit	2026-09-15	2026-09-17	https://www.ai-infra-summit.com/
Cloud Nirvana Columbus	Columbus	Ohio	conference	2026-09-16	2026-09-16	https://cloudnirvana.org/
DevOps Midwest	St. Louis	Missouri	conference	2026-09-16	2026-09-17	https://dev.events/NA/US/MO/tech
Central Iowa Software Symposium	Des Moines	Iowa	conference	2026-09-17	2026-09-18	https://nofluffjuststuff.com/desmoines
Business Value Builder Summit	Huntington	West Virginia	summit	2026-09-17	-	https://www.marshall.edu/icenter/business-value-builder-summit/
DDX Innovation & UX Conference San Diego	San Diego	California	conference	2026-09-17	2026-09-17	https://dev.events/NA/US/CA/San_Diego
Innovation Expo Sioux Falls	Sioux Falls	South Dakota	expo	2026-09-17	2026-09-17	https://startupsiouxfalls.com/events/
Tampa Bay Wave BlueTech|X Pitch Night	Tampa	Florida	demo-day	2026-09-17	2026-09-17	https://www.tampabaywave.org/events100/
Autonomous Nation	Wheatland	North Dakota	conference	2026-09-17	-	https://grandfarm.com/autonomous-nation/
HackHers @GSU	Atlanta	Georgia	hackathon	2026-09-18	2026-09-19	https://hackhers.club/
HopHacks	Baltimore	Maryland	hackathon	2026-09-18	2026-09-20	https://hophacks.com/
VTHacks	Blacksburg	Virginia	hackathon	2026-09-18	2026-09-20	https://vthacks.com/
BSidesCache	Logan	Utah	conference	2026-09-18	2026-09-18	https://dev.events/NA/US/UT
UtahJS Conference	Sandy	Utah	conference	2026-09-18	2026-09-18	https://utahjs.com/conference
CIPS Ontario Women in Technology Conference	Toronto	Ontario	conference	2026-09-18	2026-09-18	https://cips.ca/event/2026-cips-ontario-3rd-annual-women-in-technology-conference/
Hack the North	Waterloo	Ontario	hackathon	2026-09-18	2026-09-20	https://hackthenorth.com/
HackMIT	Cambridge	Massachusetts	hackathon	2026-09-19	2026-09-20	https://hackmit.org/
RedacteCON	Grand Junction	Colorado	conference	2026-09-19	2026-09-19	https://dev.events/NA/US/CO
BSides Montreal	Montreal	Quebec	conference	2026-09-19	2026-09-19	https://bsidesmtl.ca
SteelHacks	Pittsburgh	Pennsylvania	hackathon	2026-09-19	2026-09-20	https://steelhacks.org/
Salt Lake City Day of Data	Salt Lake City	Utah	conference	2026-09-19	-	https://sqlsaturday.com/2026-09-19-sqlsaturday1152/
DevFest Salt Lake City	Salt Lake City	Utah	conference	2026-09-19	2026-09-19	https://gdg.community.dev/
Day of Data Winnipeg	Winnipeg	Manitoba	conference	2026-09-19	-	https://sqlsaturday.com/2026-09-19-sqlsaturday1159/
STARWEST	Anaheim	California	conference	2026-09-20	2026-09-25	https://starwest.techwell.com/
Full Indie Summit	Vancouver	British Columbia	conference	2026-09-20	2026-09-20	https://www.fullindie.com/
Explore DDD	Denver	Colorado	conference	2026-09-21	2026-09-25	https://exploreddd.com/
SANS Network Security	Las Vegas	Nevada	bootcamp	2026-09-21	2026-09-26	https://www.sans.org/cyber-security-training-events/network-security-2026/
Partner Vibe	Salt Lake City	Utah	conference	2026-09-21	2026-09-23	https://dev.events/NA/US/UT
Tulsa Tech Week	Tulsa	Oklahoma	tech-week	2026-09-21	2026-09-26	https://www.tulsatechweek.ai
Victoria Tech Week	Victoria	British Columbia	tech-week	2026-09-21	2026-09-25	https://luma.com/victoriatechweek2026
Prairie Dev Con	Winnipeg	Manitoba	conference	2026-09-21	2026-09-22	https://www.prairiedevcon.com/
a2Tech360	Ann Arbor	Michigan	tech-week	2026-09-22	2026-10-02	https://a2tech360.com
devopsdays Denver	Denver	Colorado	conference	2026-09-22	2026-09-23	https://devopsdays.org/events/2026-denver/welcome/
National Cyber Summit	Huntsville	Alabama	summit	2026-09-22	2026-09-24	https://www.nationalcybersummit.com
Oktane	Las Vegas	Nevada	conference	2026-09-22	2026-09-24	https://www.okta.com/oktane/
Product-Led Summit San Francisco	San Francisco	California	summit	2026-09-22	2026-09-23	https://world.productledalliance.com/
Elevate Festival	Toronto	Ontario	festival	2026-09-22	2026-09-24	https://elevatefestival.ca/
Rails World	Austin	Texas	conference	2026-09-23	2026-09-24	https://rubyonrails.org/world
GoSec	Montreal	Quebec	conference	2026-09-23	2026-09-24	https://gosec.net
Digital Summit Philadelphia	Philadelphia	Pennsylvania	conference	2026-09-23	2026-09-24	https://www.digitalsummit.com/
Maker Faire Brownsville	Brownsville	Texas	festival	2026-09-24	2026-09-26	https://www.btxspacefest.com/makerfaire
BSides Edmonton	Edmonton	Alberta	conference	2026-09-24	2026-09-25	https://www.bsidesedmonton.org/
Silicon Couloir Pitch Day	Jackson	Wyoming	demo-day	2026-09-24	-	https://siliconcouloir.com/pitch-day/
Digital Okanagan	Kelowna	British Columbia	meetup-series	2026-09-24	2026-09-24	https://www.meetup.com/digitalokanagan/
CHROMA	Tulsa	Oklahoma	conference	2026-09-24	2026-09-24	https://chroma.joingradient.com
Security BSides Albuquerque	Albuquerque	New Mexico	conference	2026-09-25	2026-09-26	https://bsidesabq.org/
The AI Pivot Conference	Anaheim	California	conference	2026-09-25	2026-09-25	https://dev.events/NA/US/CA
HackGT	Atlanta	Georgia	hackathon	2026-09-25	2026-09-27	https://hack.gt/
ShellHacks	Miami	Florida	hackathon	2026-09-25	2026-09-27	https://shellhacks.net/
BSides Orlando	Orlando	Florida	conference	2026-09-25	2026-09-26	https://bsidesorlando.org/
Maker Faire Bay Area	Vallejo	California	festival	2026-09-25	2026-09-27	https://makerfaire.com/bay-area/
BSides Vancouver Island	Victoria	British Columbia	conference	2026-09-25	2026-09-25	https://bsidesvi.com
hackUMBC	Baltimore	Maryland	hackathon	2026-09-26	2026-09-27	https://hackumbc.tech/
BSides Cleveland	Cleveland	Ohio	conference	2026-09-26	2026-09-26	https://bsidescle.com/
DivHacks	New York	New York	hackathon	2026-09-26	2026-09-27	https://www.columbiadivhacks.org/
OwlHacks	Philadelphia	Pennsylvania	hackathon	2026-09-26	2026-09-27	https://www.owlhacks.com/
